Workbook

Sheet 00_Huong_dan
A1: BONUS — DÁN VÀO ĐÚNG DÒNG ĐANG LỌC | Case Vân Ngô
A2: Paste thường sẽ đè cả dòng ẩn. Alt+; chỉ cứu lúc COPY, không cứu lúc PASTE.
A4: Bảng 30 NV. Lọc Bộ phận = Kinh doanh (10 dòng hiện, 20 dòng ẩn). File hoa hồng mới chỉ có 10 dòng Kinh doanh. Dán vào cột Hoa hồng mới. Cách sai: click ô đầu đang hiện → Ctrl+V. Excel dán 10 dòng LIỀN, gồm cả Kho/HCNS. Hai cách đúng: (1) XLOOKUP theo Mã NV. (2) Sort gom nhóm rồi dán, sort lại STT.
A9: Thứ tự làm
A10: Bước | B10: Sheet | C10: Việc
A11: 1 | B11: 01_Bang_luong | C11: Bật Filter cột D = Kinh doanh. Đếm 10 dòng hiện.
A12: 2 | B12: 02_File_hoa_hong | C12: 10 dòng cần dán. Có Mã NV + số mới.
A13: 3 | B13: 03_Lam_sai | C13: Thử paste thường — xem Kho/HCNS bị đè.
A14: 4 | B14: 04_Cach1_XLOOKUP | C14: Công thức theo khóa. An toàn nhất.
A15: 5 | B15: 05_Cach2_Sort | C15: Thêm STT gốc → sort Bộ phận → dán khối → sort lại STT.
A16: 6 | B16: 07_Cach3_IF_INDEX | C16: IF + SUBTOTAL(103) đánh số dòng hiện → INDEX lấy đúng số thứ tự.
A17: Alt+; (Visible cells) = copy đúng dòng đang hiện. Đã có clip V03. Clip này là chiều ngược: dán VÀO bảng đang lọc. Alt+; rồi Ctrl+V vẫn đè dòng ẩn.

Sheet 01_Bang_luong
A1: BẢNG LƯƠNG — LỌC CỘT D = Kinh doanh. CỘT F ĐỂ DÁN.
A2: Cột E là hoa hồng cũ. Cột F trống. Filter Bộ phận = Kinh doanh rồi mới dán.
A4: STT | B4: Mã NV | C4: Họ tên | D4: Bộ phận | E4: Hoa hồng cũ | F4: Hoa hồng mới
A5: 1 | B5: NV001 | C5: Nguyễn Văn An | D5: Kinh doanh | E5: 1200000
A6: 2 | B6: NV002 | C6: Trần Thị Bình | D6: Kho | E6: 800000
A7: 3 | B7: NV003 | C7: Lê Minh Châu | D7: Kinh doanh | E7: 1500000
A8: 4 | B8: NV004 | C8: Phạm Quốc Dũng | D8: HCNS | E8: 900000
A9: 5 | B9: NV005 | C9: Hoàng Thị Em | D9: Kho | E9: 750000
A10: 6 | B10: NV006 | C10: Vũ Văn Giang | D10: Kinh doanh | E10: 1100000
A11: 7 | B11: NV007 | C11: Đặng Thị Hoa | D11: HCNS | E11: 950000
A12: 8 | B12: NV008 | C12: Bùi Anh Khoa | D12: Kho | E12: 820000
A13: 9 | B13: NV009 | C13: Ngô Thị Lan | D13: Kinh doanh | E13: 1300000
A14: 10 | B14: NV010 | C14: Đỗ Văn Minh | D14: HCNS | E14: 880000
A15: 11 | B15: NV011 | C15: Lý Thị Ngọc | D15: Kho | E15: 790000
A16: 12 | B16: NV012 | C16: Mai Văn Phúc | D16: Kinh doanh | E16: 1400000
... A34: 30 | B34: NV030 | C34: Tăng Văn Nam | D34: HCNS | E34: 940000
A36: Số dòng Kinh doanh | B36: =COUNTIF(D5:D34,"Kinh doanh") | C36: Phải = 10

Sheet 02_File_hoa_hong
A1: FILE GỬI TỪ KẾ TOÁN — CHỈ 10 NGƯỜI KINH DOANH
A2: Copy C5:C14. Đừng dán thẳng vào 01 khi đang lọc.
A4: STT | B4: Mã NV | C4: Hoa hồng mới | D4: Họ tên (đối chiếu)
A5: 1 | B5: NV001 | C5: 1800000 | D5: Nguyễn Văn An
A6: 2 | B6: NV003 | C6: 2100000 | D6: Lê Minh Châu
A7: 3 | B7: NV006 | C7: 1650000 | D7: Vũ Văn Giang
A8: 4 | B8: NV009 | C8: 1950000 | D8: Ngô Thị Lan
A9: 5 | B9: NV012 | C9: 2000000 | D9: Mai Văn Phúc
A10: 6 | B10: NV015 | C10: 1750000 | D10: Cao Thị Tâm
A11: 7 | B11: NV018 | C11: 2200000 | D11: Kiều Văn Xuân
A12: 8 | B12: NV021 | C12: 1900000 | D12: Đinh Thị Ánh
A13: 9 | B13: NV024 | C13: 2050000 | D13: Phan Văn Đạt
A14: 10 | B14: NV027 | C14: 1700000 | D14: Đỗ Thị Ích
A16: Tổng 10 người | C16: =SUM(C5:C14)

Sheet 03_Lam_sai
A1: CÁCH SAI — ĐÃ MÔ PHỎNG PASTE THƯỜNG (ĐÈ DÒNG ẨN)
A2: Filter Kinh doanh, dán 10 số vào F5. Excel nhét 10 số vào F5:F14 — gồm Kho, HCNS. Cột G = đúng/sai.
A4: STT | B4: Mã NV | C4: Họ tên | D4: Bộ phận | E4: Hoa hồng cũ | F4: Sau khi paste sai | G4: Kết quả
A5: 1 | B5: NV001 | C5: Nguyễn Văn An | D5: Kinh doanh | E5: 1200000 | F5: 1800000 | G5: Trúng tình cờ
A6: 2 | B6: NV002 | C6: Trần Thị Bình | D6: Kho | E6: 800000 | F6: 2100000 | G6: BỊ ĐÈ — sai
A7: 3 | B7: NV003 | C7: Lê Minh Châu | D7: Kinh doanh | E7: 1500000 | F7: 1650000 | G7: Trúng tình cờ
A8: 4 | B8: NV004 | C8: Phạm Quốc Dũng | D8: HCNS | E8: 900000 | F8: 1950000 | G8: BỊ ĐÈ — sai
A9: 5 | B9: NV005 | C9: Hoàng Thị Em | D9: Kho | E9: 750000 | F9: 2000000 | G9: BỊ ĐÈ — sai
A10: 6 | B10: NV006 | C10: Vũ Văn Giang | D10: Kinh doanh | E10: 1100000 | F10: 1750000 | G10: Trúng tình cờ
A11: 7 | B11: NV007 | C11: Đặng Thị Hoa | D11: HCNS | E11: 950000 | F11: 2200000 | G11: BỊ ĐÈ — sai
A12: 8 | B12: NV008 | C12: Bùi Anh Khoa | D12: Kho | E12: 820000 | F12: 1900000 | G12: BỊ ĐÈ — sai
A13: 9 | B13: NV009 | C13: Ngô Thị Lan | D13: Kinh doanh | E13: 1300000 | F13: 2050000 | G13: Trúng tình cờ
A14: 10 | B14: NV010 | C14: Đỗ Văn Minh | D14: HCNS | E14: 880000 | F14: 1700000 | G14: BỊ ĐÈ — sai
A15: 11 | B15: NV011 | C15: Lý Thị Ngọc | D15: Kho | E15: 790000 | G15: Không đụng
A16: 12 | B16: NV012 | C16: Mai Văn Phúc | D16: Kinh doanh | E16: 1400000 | G16: Không nhận số — sai
A17: 13 | B17: NV013 | C17: Tô Thị Quỳnh | D17: HCNS | E17: 910000 | G17: Không đụng
A18: 14 | B18: NV014 | C18: Huỳnh Anh Sơn | D18: Kho | E18: 860000 | G18: Không đụng
A19: 15 | B19: NV015 | C19: Cao Thị Tâm | D19: Kinh doanh | E19: 1250000 | G19: Không nhận số — sai
A20: 16 | B20: NV016 | C20: Trịnh Văn Uy | D20: HCNS | E20: 870000 | G20: Không đụng
A21: 17 | B21: NV017 | C21: Lương Thị Vân | D21: Kho | E21: 810000 | G21: Không đụng
A22: 18 | B22: NV018 | C22: Kiều Văn Xuân | D22: Kinh doanh | E22: 1600000 | G22: Không nhận số — sai
A23: 19 | B23: NV019 | C23: Ông Thị Yến | D23: HCNS | E23: 930000 | G23: Không đụng
A24: 20 | B24: NV020 | C24: Từ Văn Vũ | D24: Kho | E24: 770000 | G24: Không đụng
A25: 21 | B25: NV021 | C25: Đinh Thị Ánh | D25: Kinh doanh | E25: 1350000 | G25: Không nhận số — sai
A26: 22 | B26: NV022 | C26: Hà Văn Bảo | D26: HCNS | E26: 890000 | G26: Không đụng
... A34: 30 | B34: NV030 | C34: Tăng Văn Nam | D34: HCNS | E34: 940000 | G34: Không đụng
A36: Hàng 6, 8, 10, 11, 13, 14 là Kho/HCNS nhưng bị dán số của Kinh doanh. Một số NV Kinh doanh phía dưới không nhận số. Đó là lỗi Vân Ngô hỏi.

Sheet 04_Cach1_XLOOKUP
A1: CÁCH 1 — XLOOKUP THEO MÃ NV (AN TOÀN)
A2: Cột F đã kéo công thức. Máy 2016 đổi thành VLOOKUP. Filter hay không cũng đúng.
A4: STT | B4: Mã NV | C4: Họ tên | D4: Bộ phận | E4: Hoa hồng cũ | F4: Hoa hồng mới | G4: Công thức
A5: 1 | B5: NV001 | C5: Nguyễn Văn An | D5: Kinh doanh | E5: 1200000 | F5: =IFERROR(XLOOKUP(B5,'02_File_hoa_hong'!$B$5:$B$14,'02_File_hoa_hong'!$C$5:$C$14),E5) | G5: XLOOKUP Mã NV
A6: 2 | B6: NV002 | C6: Trần Thị Bình | D6: Kho | E6: 800000 | F6: =IFERROR(XLOOKUP(B6,'02_File_hoa_hong'!$B$5:$B$14,'02_File_hoa_hong'!$C$5:$C$14),E6) | G6: Giữ số cũ
A7: 3 | B7: NV003 | C7: Lê Minh Châu | D7: Kinh doanh | E7: 1500000 | F7: =IFERROR(XLOOKUP(B7,'02_File_hoa_hong'!$B$5:$B$14,'02_File_hoa_hong'!$C$5:$C$14),E7) | G7: XLOOKUP Mã NV
A8: 4 | B8: NV004 | C8: Phạm Quốc Dũng | D8: HCNS | E8: 900000 | F8: =IFERROR(XLOOKUP(B8,'02_File_hoa_hong'!$B$5:$B$14,'02_File_hoa_hong'!$C$5:$C$14),E8) | G8: Giữ số cũ
A9: 5 | B9: NV005 | C9: Hoàng Thị Em | D9: Kho | E9: 750000 | F9: =IFERROR(XLOOKUP(B9,'02_File_hoa_hong'!$B$5:$B$14,'02_File_hoa_hong'!$C$5:$C$14),E9) | G9: Giữ số cũ
A10: 6 | B10: NV006 | C10: Vũ Văn Giang | D10: Kinh doanh | E10: 1100000 | F10: =IFERROR(XLOOKUP(B10,'02_File_hoa_hong'!$B$5:$B$14,'02_File_hoa_hong'!$C$5:$C$14),E10) | G10: XLOOKUP Mã NV
A11: 7 | B11: NV007 | C11: Đặng Thị Hoa | D11: HCNS | E11: 950000 | F11: =IFERROR(XLOOKUP(B11,'02_File_hoa_hong'!$B$5:$B$14,'02_File_hoa_hong'!$C$5:$C$14),E11) | G11: Giữ số cũ
A12: 8 | B12: NV008 | C12: Bùi Anh Khoa | D12: Kho | E12: 820000 | F12: =IFERROR(XLOOKUP(B12,'02_File_hoa_hong'!$B$5:$B$14,'02_File_hoa_hong'!$C$5:$C$14),E12) | G12: Giữ số cũ
A13: 9 | B13: NV009 | C13: Ngô Thị Lan | D13: Kinh doanh | E13: 1300000 | F13: =IFERROR(XLOOKUP(B13,'02_File_hoa_hong'!$B$5:$B$14,'02_File_hoa_hong'!$C$5:$C$14),E13) | G13: XLOOKUP Mã NV
A14: 10 | B14: NV010 | C14: Đỗ Văn Minh | D14: HCNS | E14: 880000 | F14: =IFERROR(XLOOKUP(B14,'02_File_hoa_hong'!$B$5:$B$14,'02_File_hoa_hong'!$C$5:$C$14),E14) | G14: Giữ số cũ
A15: 11 | B15: NV011 | C15: Lý Thị Ngọc | D15: Kho | E15: 790000 | F15: =IFERROR(XLOOKUP(B15,'02_File_hoa_hong'!$B$5:$B$14,'02_File_hoa_hong'!$C$5:$C$14),E15) | G15: Giữ số cũ
A16: 12 | B16: NV012 | C16: Mai Văn Phúc | D16: Kinh doanh | E16: 1400000 | F16: =IFERROR(XLOOKUP(B16,'02_File_hoa_hong'!$B$5:$B$14,'02_File_hoa_hong'!$C$5:$C$14),E16) | G16: XLOOKUP Mã NV
... A34: 30 | B34: NV030 | C34: Tăng Văn Nam | D34: HCNS | E34: 940000 | F34: =IFERROR(XLOOKUP(B34,'02_File_hoa_hong'!$B$5:$B$14,'02_File_hoa_hong'!$C$5:$C$14),E34) | G34: Giữ số cũ
A36: 365/2021: =IFERROR(XLOOKUP(B5,'02_File_hoa_hong'!$B$5:$B$14,'02_File_hoa_hong'!$C$5:$C$14),E5) 2016: =IFERROR(VLOOKUP(B5,'02_File_hoa_hong'!$B$5:$C$14,2,FALSE),E5) Không thấy mã thì giữ hoa hồng cũ. Xong Copy cột F → Paste Special Values.

Sheet 05_Cach2_Sort
A1: CÁCH 2 — SORT GOM NHÓM RỒI DÁN (KHÔNG CẦN CÔNG THỨC)
A2: 1) Cột A là STT gốc, đừng sửa. 2) Tắt filter. 3) Sort cột D. 4) 10 dòng Kinh doanh nằm liền — dán Cột F. 5) Sort lại cột A.
A4: STT gốc | B4: Mã NV | C4: Họ tên | D4: Bộ phận | E4: Hoa hồng cũ | F4: Hoa hồng mới | G4: Ghi chú
A5: 1 | B5: NV001 | C5: Nguyễn Văn An | D5: Kinh doanh | E5: 1200000 | G5: Dán vào đây sau khi sort D
A6: 2 | B6: NV002 | C6: Trần Thị Bình | D6: Kho | E6: 800000
A7: 3 | B7: NV003 | C7: Lê Minh Châu | D7: Kinh doanh | E7: 1500000 | G7: Dán vào đây sau khi sort D
A8: 4 | B8: NV004 | C8: Phạm Quốc Dũng | D8: HCNS | E8: 900000
A9: 5 | B9: NV005 | C9: Hoàng Thị Em | D9: Kho | E9: 750000
A10: 6 | B10: NV006 | C10: Vũ Văn Giang | D10: Kinh doanh | E10: 1100000 | G10: Dán vào đây sau khi sort D
A11: 7 | B11: NV007 | C11: Đặng Thị Hoa | D11: HCNS | E11: 950000
A12: 8 | B12: NV008 | C12: Bùi Anh Khoa | D12: Kho | E12: 820000
A13: 9 | B13: NV009 | C13: Ngô Thị Lan | D13: Kinh doanh | E13: 1300000 | G13: Dán vào đây sau khi sort D
A14: 10 | B14: NV010 | C14: Đỗ Văn Minh | D14: HCNS | E14: 880000
A15: 11 | B15: NV011 | C15: Lý Thị Ngọc | D15: Kho | E15: 790000
A16: 12 | B16: NV012 | C16: Mai Văn Phúc | D16: Kinh doanh | E16: 1400000 | G16: Dán vào đây sau khi sort D
A17: 13 | B17: NV013 | C17: Tô Thị Quỳnh | D17: HCNS | E17: 910000
A18: 14 | B18: NV014 | C18: Huỳnh Anh Sơn | D18: Kho | E18: 860000
A19: 15 | B19: NV015 | C19: Cao Thị Tâm | D19: Kinh doanh | E19: 1250000 | G19: Dán vào đây sau khi sort D
A20: 16 | B20: NV016 | C20: Trịnh Văn Uy | D20: HCNS | E20: 870000
A21: 17 | B21: NV017 | C21: Lương Thị Vân | D21: Kho | E21: 810000
A22: 18 | B22: NV018 | C22: Kiều Văn Xuân | D22: Kinh doanh | E22: 1600000 | G22: Dán vào đây sau khi sort D
A23: 19 | B23: NV019 | C23: Ông Thị Yến | D23: HCNS | E23: 930000
A24: 20 | B24: NV020 | C24: Từ Văn Vũ | D24: Kho | E24: 770000
A25: 21 | B25: NV021 | C25: Đinh Thị Ánh | D25: Kinh doanh | E25: 1350000 | G25: Dán vào đây sau khi sort D
A26: 22 | B26: NV022 | C26: Hà Văn Bảo | D26: HCNS | E26: 890000
A27: 23 | B27: NV023 | C27: Lâm Thị Cúc | D27: Kho | E27: 840000
A28: 24 | B28: NV024 | C28: Phan Văn Đạt | D28: Kinh doanh | E28: 1450000 | G28: Dán vào đây sau khi sort D
A29: 25 | B29: NV025 | C29: Võ Thị Gấm | D29: HCNS | E29: 920000
A30: 26 | B30: NV026 | C30: Châu Văn Hải | D30: Kho | E30: 830000
A31: 27 | B31: NV027 | C31: Đỗ Thị Ích | D31: Kinh doanh | E31: 1180000 | G31: Dán vào đây sau khi sort D
A32: 28 | B32: NV028 | C32: Mai Văn Khang | D32: HCNS | E32: 860000
A33: 29 | B33: NV029 | C33: Bạch Thị Linh | D33: Kho | E33: 800000
A34: 30 | B34: NV030 | C34: Tăng Văn Nam | D34: HCNS | E34: 940000
A36: Thứ tự 10 số khi sort A→Z cột Bộ phận: Kinh doanh sẽ thành 1 khối. Thứ tự dán phải khớp thứ tự tên sau sort (xem 02 theo Mã, không dán bừa). Cách 2 chỉ nhanh khi đã sort đúng. Không chắc thứ tự thì dùng Cách 1.

Sheet 06_Dap_an
A1: ĐÁP ÁN — MỖI MÃ NV MỘT SỐ ĐÚNG
A3: Mã NV | B3: Họ tên | C3: Bộ phận | D3: Hoa hồng cũ | E3: Hoa hồng mới | F3: Nguồn
A4: NV001 | B4: Nguyễn Văn An | C4: Kinh doanh | D4: 1200000 | E4: 1800000 | F4: File kế toán
A5: NV002 | B5: Trần Thị Bình | C5: Kho | D5: 800000 | E5: 800000 | F5: Giữ cũ
A6: NV003 | B6: Lê Minh Châu | C6: Kinh doanh | D6: 1500000 | E6: 2100000 | F6: File kế toán
A7: NV004 | B7: Phạm Quốc Dũng | C7: HCNS | D7: 900000 | E7: 900000 | F7: Giữ cũ
A8: NV005 | B8: Hoàng Thị Em | C8: Kho | D8: 750000 | E8: 750000 | F8: Giữ cũ
A9: NV006 | B9: Vũ Văn Giang | C9: Kinh doanh | D9: 1100000 | E9: 1650000 | F9: File kế toán
A10: NV007 | B10: Đặng Thị Hoa | C10: HCNS | D10: 950000 | E10: 950000 | F10: Giữ cũ
A11: NV008 | B11: Bùi Anh Khoa | C11: Kho | D11: 820000 | E11: 820000 | F11: Giữ cũ
A12: NV009 | B12: Ngô Thị Lan | C12: Kinh doanh | D12: 1300000 | E12: 1950000 | F12: File kế toán
A13: NV010 | B13: Đỗ Văn Minh | C13: HCNS | D13: 880000 | E13: 880000 | F13: Giữ cũ
A14: NV011 | B14: Lý Thị Ngọc | C14: Kho | D14: 790000 | E14: 790000 | F14: Giữ cũ
A15: NV012 | B15: Mai Văn Phúc | C15: Kinh doanh | D15: 1400000 | E15: 2000000 | F15: File kế toán
... A33: NV030 | B33: Tăng Văn Nam | C33: HCNS | D33: 940000 | E33: 940000 | F33: Giữ cũ
A35: Tổng hoa hồng mới cả bảng | B35: =SUM(E4:E33)

Sheet 07_Cach3_IF_INDEX
A1: CÁCH 3 — IF + SUBTOTAL + INDEX (đánh số dòng đang hiện)
A2: Lọc Bộ phận = Kinh doanh. Cột G tự đếm 1.2.3… chỉ dòng hiện. Cột F lấy số theo thứ tự đó. Tắt lọc: dòng ẩn về trống.
A4: STT | B4: Mã NV | C4: Họ tên | D4: Bộ phận | E4: Hoa hồng cũ | F4: Hoa hồng mới | G4: STT dòng hiện | H4: Ghi chú
A5: ='01_Bang_luong'!A5 | B5: ='01_Bang_luong'!B5 | C5: ='01_Bang_luong'!C5 | D5: ='01_Bang_luong'!D5 | E5: ='01_Bang_luong'!E5 | F5: =IF(G5=0,"",INDEX('02_File_hoa_hong'!$C$5:$C$14,G5)) | G5: =IF(SUBTOTAL(103,$B5),1,0) | H5: =IF(G5=0,"Ẩn / không lấy","Dòng hiện #"&G5)
A6: ='01_Bang_luong'!A6 | B6: ='01_Bang_luong'!B6 | C6: ='01_Bang_luong'!C6 | D6: ='01_Bang_luong'!D6 | E6: ='01_Bang_luong'!E6 | F6: =IF(G6=0,"",INDEX('02_File_hoa_hong'!$C$5:$C$14,G6)) | G6: =IF(SUBTOTAL(103,$B6),MAX($G$5:G5)+1,0) | H6: =IF(G6=0,"Ẩn / không lấy","Dòng hiện #"&G6)
A7: ='01_Bang_luong'!A7 | B7: ='01_Bang_luong'!B7 | C7: ='01_Bang_luong'!C7 | D7: ='01_Bang_luong'!D7 | E7: ='01_Bang_luong'!E7 | F7: =IF(G7=0,"",INDEX('02_File_hoa_hong'!$C$5:$C$14,G7)) | G7: =IF(SUBTOTAL(103,$B7),MAX($G$5:G6)+1,0) | H7: =IF(G7=0,"Ẩn / không lấy","Dòng hiện #"&G7)
A8: ='01_Bang_luong'!A8 | B8: ='01_Bang_luong'!B8 | C8: ='01_Bang_luong'!C8 | D8: ='01_Bang_luong'!D8 | E8: ='01_Bang_luong'!E8 | F8: =IF(G8=0,"",INDEX('02_File_hoa_hong'!$C$5:$C$14,G8)) | G8: =IF(SUBTOTAL(103,$B8),MAX($G$5:G7)+1,0) | H8: =IF(G8=0,"Ẩn / không lấy","Dòng hiện #"&G8)
A9: ='01_Bang_luong'!A9 | B9: ='01_Bang_luong'!B9 | C9: ='01_Bang_luong'!C9 | D9: ='01_Bang_luong'!D9 | E9: ='01_Bang_luong'!E9 | F9: =IF(G9=0,"",INDEX('02_File_hoa_hong'!$C$5:$C$14,G9)) | G9: =IF(SUBTOTAL(103,$B9),MAX($G$5:G8)+1,0) | H9: =IF(G9=0,"Ẩn / không lấy","Dòng hiện #"&G9)
A10: ='01_Bang_luong'!A10 | B10: ='01_Bang_luong'!B10 | C10: ='01_Bang_luong'!C10 | D10: ='01_Bang_luong'!D10 | E10: ='01_Bang_luong'!E10 | F10: =IF(G10=0,"",INDEX('02_File_hoa_hong'!$C$5:$C$14,G10)) | G10: =IF(SUBTOTAL(103,$B10),MAX($G$5:G9)+1,0) | H10: =IF(G10=0,"Ẩn / không lấy","Dòng hiện #"&G10)
A11: ='01_Bang_luong'!A11 | B11: ='01_Bang_luong'!B11 | C11: ='01_Bang_luong'!C11 | D11: ='01_Bang_luong'!D11 | E11: ='01_Bang_luong'!E11 | F11: =IF(G11=0,"",INDEX('02_File_hoa_hong'!$C$5:$C$14,G11)) | G11: =IF(SUBTOTAL(103,$B11),MAX($G$5:G10)+1,0) | H11: =IF(G11=0,"Ẩn / không lấy","Dòng hiện #"&G11)
A12: ='01_Bang_luong'!A12 | B12: ='01_Bang_luong'!B12 | C12: ='01_Bang_luong'!C12 | D12: ='01_Bang_luong'!D12 | E12: ='01_Bang_luong'!E12 | F12: =IF(G12=0,"",INDEX('02_File_hoa_hong'!$C$5:$C$14,G12)) | G12: =IF(SUBTOTAL(103,$B12),MAX($G$5:G11)+1,0) | H12: =IF(G12=0,"Ẩn / không lấy","Dòng hiện #"&G12)
A13: ='01_Bang_luong'!A13 | B13: ='01_Bang_luong'!B13 | C13: ='01_Bang_luong'!C13 | D13: ='01_Bang_luong'!D13 | E13: ='01_Bang_luong'!E13 | F13: =IF(G13=0,"",INDEX('02_File_hoa_hong'!$C$5:$C$14,G13)) | G13: =IF(SUBTOTAL(103,$B13),MAX($G$5:G12)+1,0) | H13: =IF(G13=0,"Ẩn / không lấy","Dòng hiện #"&G13)
A14: ='01_Bang_luong'!A14 | B14: ='01_Bang_luong'!B14 | C14: ='01_Bang_luong'!C14 | D14: ='01_Bang_luong'!D14 | E14: ='01_Bang_luong'!E14 | F14: =IF(G14=0,"",INDEX('02_File_hoa_hong'!$C$5:$C$14,G14)) | G14: =IF(SUBTOTAL(103,$B14),MAX($G$5:G13)+1,0) | H14: =IF(G14=0,"Ẩn / không lấy","Dòng hiện #"&G14)
A15: ='01_Bang_luong'!A15 | B15: ='01_Bang_luong'!B15 | C15: ='01_Bang_luong'!C15 | D15: ='01_Bang_luong'!D15 | E15: ='01_Bang_luong'!E15 | F15: =IF(G15=0,"",INDEX('02_File_hoa_hong'!$C$5:$C$14,G15)) | G15: =IF(SUBTOTAL(103,$B15),MAX($G$5:G14)+1,0) | H15: =IF(G15=0,"Ẩn / không lấy","Dòng hiện #"&G15)
A16: ='01_Bang_luong'!A16 | B16: ='01_Bang_luong'!B16 | C16: ='01_Bang_luong'!C16 | D16: ='01_Bang_luong'!D16 | E16: ='01_Bang_luong'!E16 | F16: =IF(G16=0,"",INDEX('02_File_hoa_hong'!$C$5:$C$14,G16)) | G16: =IF(SUBTOTAL(103,$B16),MAX($G$5:G15)+1,0) | H16: =IF(G16=0,"Ẩn / không lấy","Dòng hiện #"&G16)
A17: ='01_Bang_luong'!A17 | B17: ='01_Bang_luong'!B17 | C17: ='01_Bang_luong'!C17 | D17: ='01_Bang_luong'!D17 | E17: ='01_Bang_luong'!E17 | F17: =IF(G17=0,"",INDEX('02_File_hoa_hong'!$C$5:$C$14,G17)) | G17: =IF(SUBTOTAL(103,$B17),MAX($G$5:G16)+1,0) | H17: =IF(G17=0,"Ẩn / không lấy","Dòng hiện #"&G17)
... A34: ='01_Bang_luong'!A34 | B34: ='01_Bang_luong'!B34 | C34: ='01_Bang_luong'!C34 | D34: ='01_Bang_luong'!D34 | E34: ='01_Bang_luong'!E34 | F34: =IF(G34=0,"",INDEX('02_File_hoa_hong'!$C$5:$C$14,G34)) | G34: =IF(SUBTOTAL(103,$B34),MAX($G$5:G33)+1,0) | H34: =IF(G34=0,"Ẩn / không lấy","Dòng hiện #"&G34)
A36: Công thức cột G (đánh số dòng đang hiện): G5 = IF(SUBTOTAL(103,$B5),1,0) G6 = IF(SUBTOTAL(103,$B6),MAX($G$5:G5)+1,0) rồi kéo xuống Công thức cột F: =IF(G5=0,"",INDEX('02_File_hoa_hong'!$C$5:$C$14,G5)) 103 = COUNTA, bỏ dòng ẩn do Filter. Lọc Kinh doanh → G ra 1…10. Tắt lọc → G = 0, F trống. Lưu ý: INDEX theo THỨ TỰ dòng hiện, không theo Mã NV. Sai thứ tự file hoa hồng là sai số. Có mã thì dùng XLOOKUP.
