Workbook

Sheet 00_Huong_dan
A1: V10 — SỐ KIỂU VIỆT 1.234.567 | Excel không cộng
A2: Khác C2: C2 là 125000 lưu text. Clip này là dấu chấm nghìn + phẩy thập phân.
A4: Copy từ web / PDF / phần mềm kế toán VN: 12.500.000 và 1.560.500,75. SUM ra 0. VALUE đơn cũng lỗi. Phải nói với Excel: chấm là nghìn, phẩy là thập phân. Cách 1: NUMBERVALUE. Cách 2: SUBSTITUTE rồi VALUE.
A8: Công thức
A9: Cách | B9: Công thức
A10: 1 — NUMBERVALUE | B10: =NUMBERVALUE(E5,",",".")
A11: 2 — SUBSTITUTE | B11: =VALUE(SUBSTITUTE(SUBSTITUTE(E5,".",""),",","."))
A12: Tổng đúng | B12: 135.657.500,50
A14: NUMBERVALUE(text, dấu_thập_phân, dấu_nhóm). Máy EN: phẩy là thập phân, chấm là nghìn. Không đảo hai tham số.

Sheet 01_Du_lieu
A1: CỘT E LÀ TEXT KIỂU VIỆT. Ô G5 SUM = 0. ĐỪNG SỬA E.
A2: Copy từ phần mềm. Căn trái = text. Có cả số nguyên (12.500.000) và số lẻ (1.560.500,75).
A4: STT | B4: Số HĐ | C4: Bộ phận | D4: Tháng | E4: Thành tiền (kiểu Việt) | G4: SUM cột E
A5: 1 | B5: HD001 | C5: Kinh doanh | D5: 08/2026 | E5: 12.500.000 | G5: =SUM(E5:E24)
A6: 2 | B6: HD002 | C6: Kho | D6: 08/2026 | E6: 8.200.000 | G6: Ra 0 là đúng đề
A7: 3 | B7: HD003 | C7: Kinh doanh | D7: 08/2026 | E7: 1.560.500,75
A8: 4 | B8: HD004 | C8: HCNS | D8: 08/2026 | E8: 430.000 | G8: Tổng đúng
A9: 5 | B9: HD005 | C9: Kho | D9: 08/2026 | E9: 9.150.000 | G9: 1.356575e+08
A10: 6 | B10: HD006 | C10: Kinh doanh | D10: 08/2026 | E10: 18.800.000
A11: 7 | B11: HD007 | C11: HCNS | D11: 08/2026 | E11: 51.250,5
A12: 8 | B12: HD008 | C12: Kho | D12: 08/2026 | E12: 7.400.000
A13: 9 | B13: HD009 | C13: Kinh doanh | D13: 08/2026 | E13: 11.200.000
A14: 10 | B14: HD010 | C14: HCNS | D14: 08/2026 | E14: 3.900.000
A15: 11 | B15: HD011 | C15: Kho | D15: 08/2026 | E15: 670.000
A16: 12 | B16: HD012 | C16: Kinh doanh | D16: 08/2026 | E16: 14.300.250,00
A17: 13 | B17: HD013 | C17: Kho | D17: 08/2026 | E17: 2.150.000
A18: 14 | B18: HD014 | C18: HCNS | D18: 08/2026 | E18: 890.500,25
A19: 15 | B19: HD015 | C19: Kinh doanh | D19: 08/2026 | E19: 6.750.000
A20: 16 | B20: HD016 | C20: Kho | D20: 08/2026 | E20: 1.020.000
A21: 17 | B21: HD017 | C21: Kinh doanh | D21: 08/2026 | E21: 22.000.000
... A24: 20 | B24: HD020 | C24: Kinh doanh | D24: 08/2026 | E24: 9.999.999

Sheet 02_Lam_bai
A1: LÀM BÀI — Ô VÀNG VIẾT NUMBERVALUE HOẶC SUBSTITUTE
A2: F: NUMBERVALUE. G: SUBSTITUTE+VALUE. Hai cột phải ra cùng số.
A4: STT | B4: Số HĐ | C4: Bộ phận | D4: Tháng | E4: Tiền text | F4: NUMBERVALUE | G4: SUBSTITUTE+VALUE | H4: Khớp?
A5: ='01_Du_lieu'!A5 | B5: ='01_Du_lieu'!B5 | C5: ='01_Du_lieu'!C5 | D5: ='01_Du_lieu'!D5 | E5: ='01_Du_lieu'!E5
A6: ='01_Du_lieu'!A6 | B6: ='01_Du_lieu'!B6 | C6: ='01_Du_lieu'!C6 | D6: ='01_Du_lieu'!D6 | E6: ='01_Du_lieu'!E6
A7: ='01_Du_lieu'!A7 | B7: ='01_Du_lieu'!B7 | C7: ='01_Du_lieu'!C7 | D7: ='01_Du_lieu'!D7 | E7: ='01_Du_lieu'!E7
A8: ='01_Du_lieu'!A8 | B8: ='01_Du_lieu'!B8 | C8: ='01_Du_lieu'!C8 | D8: ='01_Du_lieu'!D8 | E8: ='01_Du_lieu'!E8
A9: ='01_Du_lieu'!A9 | B9: ='01_Du_lieu'!B9 | C9: ='01_Du_lieu'!C9 | D9: ='01_Du_lieu'!D9 | E9: ='01_Du_lieu'!E9
A10: ='01_Du_lieu'!A10 | B10: ='01_Du_lieu'!B10 | C10: ='01_Du_lieu'!C10 | D10: ='01_Du_lieu'!D10 | E10: ='01_Du_lieu'!E10
A11: ='01_Du_lieu'!A11 | B11: ='01_Du_lieu'!B11 | C11: ='01_Du_lieu'!C11 | D11: ='01_Du_lieu'!D11 | E11: ='01_Du_lieu'!E11
A12: ='01_Du_lieu'!A12 | B12: ='01_Du_lieu'!B12 | C12: ='01_Du_lieu'!C12 | D12: ='01_Du_lieu'!D12 | E12: ='01_Du_lieu'!E12
A13: ='01_Du_lieu'!A13 | B13: ='01_Du_lieu'!B13 | C13: ='01_Du_lieu'!C13 | D13: ='01_Du_lieu'!D13 | E13: ='01_Du_lieu'!E13
A14: ='01_Du_lieu'!A14 | B14: ='01_Du_lieu'!B14 | C14: ='01_Du_lieu'!C14 | D14: ='01_Du_lieu'!D14 | E14: ='01_Du_lieu'!E14
A15: ='01_Du_lieu'!A15 | B15: ='01_Du_lieu'!B15 | C15: ='01_Du_lieu'!C15 | D15: ='01_Du_lieu'!D15 | E15: ='01_Du_lieu'!E15
A16: ='01_Du_lieu'!A16 | B16: ='01_Du_lieu'!B16 | C16: ='01_Du_lieu'!C16 | D16: ='01_Du_lieu'!D16 | E16: ='01_Du_lieu'!E16
... A24: ='01_Du_lieu'!A24 | B24: ='01_Du_lieu'!B24 | C24: ='01_Du_lieu'!C24 | D24: ='01_Du_lieu'!D24 | E24: ='01_Du_lieu'!E24
A26: TONG
A27: SUM E (text) | B27: =SUM(E5:E24) | C27: SUM F | D27: =SUM(F5:F24) | E27: SUM G | F27: =SUM(G5:G24) | G27: Ky vong | H27: 1.356575e+08

Sheet 03_Dap_an
A1: DAP AN
A2: Hai cach ra cung so. SUM F = SUM G = tong dung.
A4: STT | B4: So HD | C4: Bo phan | D4: Thang | E4: Tien text | F4: NUMBERVALUE | G4: SUBSTITUTE | H4: Khop?
A5: ='01_Du_lieu'!A5 | B5: ='01_Du_lieu'!B5 | C5: ='01_Du_lieu'!C5 | D5: ='01_Du_lieu'!D5 | E5: ='01_Du_lieu'!E5 | F5: =NUMBERVALUE(E5,",",".") | G5: =VALUE(SUBSTITUTE(SUBSTITUTE(E5,".",""),",",".")) | H5: =F5=G5
A6: ='01_Du_lieu'!A6 | B6: ='01_Du_lieu'!B6 | C6: ='01_Du_lieu'!C6 | D6: ='01_Du_lieu'!D6 | E6: ='01_Du_lieu'!E6 | F6: =NUMBERVALUE(E6,",",".") | G6: =VALUE(SUBSTITUTE(SUBSTITUTE(E6,".",""),",",".")) | H6: =F6=G6
A7: ='01_Du_lieu'!A7 | B7: ='01_Du_lieu'!B7 | C7: ='01_Du_lieu'!C7 | D7: ='01_Du_lieu'!D7 | E7: ='01_Du_lieu'!E7 | F7: =NUMBERVALUE(E7,",",".") | G7: =VALUE(SUBSTITUTE(SUBSTITUTE(E7,".",""),",",".")) | H7: =F7=G7
A8: ='01_Du_lieu'!A8 | B8: ='01_Du_lieu'!B8 | C8: ='01_Du_lieu'!C8 | D8: ='01_Du_lieu'!D8 | E8: ='01_Du_lieu'!E8 | F8: =NUMBERVALUE(E8,",",".") | G8: =VALUE(SUBSTITUTE(SUBSTITUTE(E8,".",""),",",".")) | H8: =F8=G8
A9: ='01_Du_lieu'!A9 | B9: ='01_Du_lieu'!B9 | C9: ='01_Du_lieu'!C9 | D9: ='01_Du_lieu'!D9 | E9: ='01_Du_lieu'!E9 | F9: =NUMBERVALUE(E9,",",".") | G9: =VALUE(SUBSTITUTE(SUBSTITUTE(E9,".",""),",",".")) | H9: =F9=G9
A10: ='01_Du_lieu'!A10 | B10: ='01_Du_lieu'!B10 | C10: ='01_Du_lieu'!C10 | D10: ='01_Du_lieu'!D10 | E10: ='01_Du_lieu'!E10 | F10: =NUMBERVALUE(E10,",",".") | G10: =VALUE(SUBSTITUTE(SUBSTITUTE(E10,".",""),",",".")) | H10: =F10=G10
A11: ='01_Du_lieu'!A11 | B11: ='01_Du_lieu'!B11 | C11: ='01_Du_lieu'!C11 | D11: ='01_Du_lieu'!D11 | E11: ='01_Du_lieu'!E11 | F11: =NUMBERVALUE(E11,",",".") | G11: =VALUE(SUBSTITUTE(SUBSTITUTE(E11,".",""),",",".")) | H11: =F11=G11
A12: ='01_Du_lieu'!A12 | B12: ='01_Du_lieu'!B12 | C12: ='01_Du_lieu'!C12 | D12: ='01_Du_lieu'!D12 | E12: ='01_Du_lieu'!E12 | F12: =NUMBERVALUE(E12,",",".") | G12: =VALUE(SUBSTITUTE(SUBSTITUTE(E12,".",""),",",".")) | H12: =F12=G12
A13: ='01_Du_lieu'!A13 | B13: ='01_Du_lieu'!B13 | C13: ='01_Du_lieu'!C13 | D13: ='01_Du_lieu'!D13 | E13: ='01_Du_lieu'!E13 | F13: =NUMBERVALUE(E13,",",".") | G13: =VALUE(SUBSTITUTE(SUBSTITUTE(E13,".",""),",",".")) | H13: =F13=G13
A14: ='01_Du_lieu'!A14 | B14: ='01_Du_lieu'!B14 | C14: ='01_Du_lieu'!C14 | D14: ='01_Du_lieu'!D14 | E14: ='01_Du_lieu'!E14 | F14: =NUMBERVALUE(E14,",",".") | G14: =VALUE(SUBSTITUTE(SUBSTITUTE(E14,".",""),",",".")) | H14: =F14=G14
A15: ='01_Du_lieu'!A15 | B15: ='01_Du_lieu'!B15 | C15: ='01_Du_lieu'!C15 | D15: ='01_Du_lieu'!D15 | E15: ='01_Du_lieu'!E15 | F15: =NUMBERVALUE(E15,",",".") | G15: =VALUE(SUBSTITUTE(SUBSTITUTE(E15,".",""),",",".")) | H15: =F15=G15
A16: ='01_Du_lieu'!A16 | B16: ='01_Du_lieu'!B16 | C16: ='01_Du_lieu'!C16 | D16: ='01_Du_lieu'!D16 | E16: ='01_Du_lieu'!E16 | F16: =NUMBERVALUE(E16,",",".") | G16: =VALUE(SUBSTITUTE(SUBSTITUTE(E16,".",""),",",".")) | H16: =F16=G16
... A24: ='01_Du_lieu'!A24 | B24: ='01_Du_lieu'!B24 | C24: ='01_Du_lieu'!C24 | D24: ='01_Du_lieu'!D24 | E24: ='01_Du_lieu'!E24 | F24: =NUMBERVALUE(E24,",",".") | G24: =VALUE(SUBSTITUTE(SUBSTITUTE(E24,".",""),",",".")) | H24: =F24=G24
A26: TONG
A27: SUM F | B27: =SUM(F5:F24) | C27: SUM G | D27: =SUM(G5:G24) | E27: Ky vong | F27: 1.356575e+08
A29: NUMBERVALUE(E5,",",".") → tham so 2 = phay thap phan, tham so 3 = cham nghin. SUBSTITUTE xoa cham, doi phay thanh cham, roi VALUE. Khac C2: clip do khong co dau cham nghin.
